{
  "title": "Architecture",
  "sections": [

    {
      "id": 1,
      "title": "Architecture",
      "sections": [
        {
          "id": 2,
          "title": "Key Principles",
          "sections": [
            {
              "id": 21,
              "title": "dummy title h3",
              "sections": [
                {
                  "id": 211,
                  "title": "dummy title h5",
                  "sections": []
                }
              ]
            }
          ]
        },
        {
          "id": 3,
          "title": "Architecture Principles",
          "sections": []
        },
        {
          "id": 4,
          "title": "Application Architecture",
          "sections": []
        }
      ]
    }
  ]
}
